GCF_000006765.1_ASM676v1_genomic.fna	paeruginosa	549	acsA(7)	aroE(5)	guaA(12)	mutL(3)	nuoD(4)	ppsA(1)	trpE(7)
GCF_000014625.1_ASM1462v1_genomic.fna	paeruginosa	253	acsA(4)	aroE(4)	guaA(16)	mutL(12)	nuoD(1)	ppsA(6)	trpE(3)
GCF_000017205.1_ASM1720v1_genomic.fna	paeruginosa	1195	acsA(87)	aroE(34)	guaA(43)	mutL(37)	nuoD(53)	ppsA(107)	trpE(126)
GCF_000026645.1_ASM2664v1_genomic.fna	paeruginosa	146	acsA(6)	aroE(5)	guaA(11)	mutL(3)	nuoD(4)	ppsA(23)	trpE(1)
GCF_000226155.1_ASM22615v1_genomic.fna	paeruginosa	1239	acsA(16)	aroE(5)	guaA(1)	mutL(3)	nuoD(4)	ppsA(15)	trpE(7)
GCF_000271365.1_ASM27136v1_genomic.fna	paeruginosa	386	acsA(17)	aroE(5)	guaA(11)	mutL(18)	nuoD(4)	ppsA(10)	trpE(3)
GCF_000271985.2_ASM27198v2_genomic.fna	paeruginosa	2619	acsA(17)	aroE(5)	guaA(1)	mutL(3)	nuoD(4)	ppsA(4)	trpE(3)
GCF_000284555.1_ASM28455v1_genomic.fna	paeruginosa	235	acsA(38)	aroE(11)	guaA(3)	mutL(13)	nuoD(1)	ppsA(2)	trpE(4)
GCF_000359505.1_ASM35950v1_genomic.fna	paeruginosa	1024	acsA(2)	aroE(4)	guaA(24)	mutL(3)	nuoD(1)	ppsA(6)	trpE(25)
GCF_000414035.1_ASM41403v1_genomic.fna	paeruginosa	198	acsA(11)	aroE(5)	guaA(11)	mutL(11)	nuoD(3)	ppsA(27)	trpE(7)
GCF_000473745.2_ASM47374v3_genomic.fna	paeruginosa	-	acsA(32,32)	aroE(13)	guaA(24)	mutL(13)	nuoD(1)	ppsA(6)	trpE(25)
GCF_000496455.2_ASM49645v2_genomic.fna	paeruginosa	395	acsA(6)	aroE(5)	guaA(1)	mutL(1)	nuoD(1)	ppsA(12)	trpE(1)
GCF_000496605.2_ASM49660v2_genomic.fna	paeruginosa	782	acsA(15)	aroE(3)	guaA(3)	mutL(11)	nuoD(1)	ppsA(15)	trpE(1)
GCF_000496645.1_ASM49664v1_genomic.fna	paeruginosa	-	acsA(15)	aroE(3)	guaA(3)	mutL(11)	nuoD(1)	ppsA(15,15)	trpE(1)
GCF_000504045.1_ASM50404v1_genomic.fna	paeruginosa	2689	acsA(5)	aroE(8)	guaA(3)	mutL(5)	nuoD(1)	ppsA(11)	trpE(3)
GCF_000508765.1_ASM50876v1_genomic.fna	paeruginosa	146	acsA(6)	aroE(5)	guaA(11)	mutL(3)	nuoD(4)	ppsA(23)	trpE(1)
GCF_000510305.1_ASM51030v1_genomic.fna	paeruginosa	299	acsA(17)	aroE(5)	guaA(36)	mutL(3)	nuoD(3)	ppsA(7)	trpE(3)
GCF_000524595.1_ASM52459v1_genomic.fna	paeruginosa	-	acsA(40)	aroE(5)	guaA(30)	mutL(5)	nuoD(3)	ppsA(33)	trpE(14)
GCF_000568855.2_ASM56885v2_genomic.fna	paeruginosa	693	acsA(11)	aroE(5)	guaA(11)	mutL(11)	nuoD(4)	ppsA(4)	trpE(14)
GCF_000763245.3_ASM76324v3_genomic.fna	paeruginosa	277	acsA(39)	aroE(5)	guaA(9)	mutL(11)	nuoD(27)	ppsA(5)	trpE(2)
GCF_000816985.1_ASM81698v1_genomic.fna	paeruginosa	485	acsA(11)	aroE(76)	guaA(5)	mutL(3)	nuoD(61)	ppsA(14)	trpE(3)
GCF_000829255.1_ASM82925v1_genomic.fna	paeruginosa	235	acsA(38)	aroE(11)	guaA(3)	mutL(13)	nuoD(1)	ppsA(2)	trpE(4)
GCF_000829275.1_ASM82927v1_genomic.fna	paeruginosa	235	acsA(38)	aroE(11)	guaA(3)	mutL(13)	nuoD(1)	ppsA(2)	trpE(4)
GCF_000829885.1_ASM82988v1_genomic.fna	paeruginosa	111	acsA(17)	aroE(5)	guaA(5)	mutL(4)	nuoD(4)	ppsA(4)	trpE(3)
GCF_000981825.1_ASM98182v1_genomic.fna	paeruginosa	111	acsA(17)	aroE(5)	guaA(5)	mutL(4)	nuoD(4)	ppsA(4)	trpE(3)
GCF_001045685.1_ASM104568v1_genomic.fna	paeruginosa	-	acsA(175)	aroE(5)	guaA(1)	mutL(11)	nuoD(3)	ppsA(6)	trpE(7)
GCF_001077475.1_ASM107747v1_genomic.fna	paeruginosa	-	acsA(40)	aroE(5)	guaA(11)	mutL(5)	nuoD(4)	ppsA(28)	trpE(37)
GCF_001293085.1_ASM129308v1_genomic.fna	paeruginosa	782	acsA(15)	aroE(3)	guaA(3)	mutL(11)	nuoD(1)	ppsA(15)	trpE(1)
GCF_001447845.1_ASM144784v1_genomic.fna	paeruginosa	3090	acsA(40)	aroE(5)	guaA(36)	mutL(153)	nuoD(3)	ppsA(7)	trpE(19)
GCF_001457615.1_NCTC10332_genomic.fna	paeruginosa	-	acsA(175)	aroE(5)	guaA(1)	mutL(11)	nuoD(3)	ppsA(6)	trpE(7)
GCF_001482325.1_ASM148232v1_genomic.fna	paeruginosa	152	acsA(6)	aroE(5)	guaA(19)	mutL(3)	nuoD(4)	ppsA(6)	trpE(7)
GCF_001515845.2_ASM151584v2_genomic.fna	paeruginosa	155	acsA(28)	aroE(5)	guaA(36)	mutL(3)	nuoD(3)	ppsA(13)	trpE(7)
GCF_001515915.2_ASM151591v2_genomic.fna	paeruginosa	155	acsA(28)	aroE(5)	guaA(36)	mutL(3)	nuoD(3)	ppsA(13)	trpE(7)
GCF_001516005.1_ASM151600v1_genomic.fna	paeruginosa	3804	acsA(16)	aroE(10)	guaA(5)	mutL(3)	nuoD(145)	ppsA(42)	trpE(7)
GCF_001516105.1_ASM151610v1_genomic.fna	paeruginosa	132	acsA(6)	aroE(20)	guaA(1)	mutL(3)	nuoD(4)	ppsA(4)	trpE(2)
GCF_001516165.2_ASM151616v2_genomic.fna	paeruginosa	244	acsA(17)	aroE(5)	guaA(12)	mutL(3)	nuoD(14)	ppsA(4)	trpE(7)
GCF_001516185.2_ASM151618v2_genomic.fna	paeruginosa	17	acsA(11)	aroE(5)	guaA(1)	mutL(7)	nuoD(9)	ppsA(4)	trpE(7)
GCF_001516205.2_ASM151620v2_genomic.fna	paeruginosa	27	acsA(6)	aroE(5)	guaA(6)	mutL(7)	nuoD(4)	ppsA(6)	trpE(7)
GCF_001516225.2_ASM151622v2_genomic.fna	paeruginosa	959	acsA(6)	aroE(5)	guaA(11)	mutL(7)	nuoD(3)	ppsA(70)	trpE(19)
GCF_001516245.2_ASM151624v2_genomic.fna	paeruginosa	1295	acsA(11)	aroE(5)	guaA(124)	mutL(67)	nuoD(4)	ppsA(115)	trpE(3)
GCF_001516265.1_ASM151626v1_genomic.fna	paeruginosa	111	acsA(17)	aroE(5)	guaA(5)	mutL(4)	nuoD(4)	ppsA(4)	trpE(3)
GCF_001516305.2_ASM151630v2_genomic.fna	paeruginosa	3050	acsA(4)	aroE(5)	guaA(6)	mutL(3)	nuoD(4)	ppsA(4)	trpE(19)
GCF_001516325.2_ASM151632v2_genomic.fna	paeruginosa	389	acsA(17)	aroE(22)	guaA(5)	mutL(3)	nuoD(1)	ppsA(14)	trpE(3)
GCF_001516345.1_ASM151634v1_genomic.fna	paeruginosa	1105	acsA(23)	aroE(5)	guaA(12)	mutL(30)	nuoD(1)	ppsA(4)	trpE(7)
GCF_001516365.2_ASM151636v2_genomic.fna	paeruginosa	253	acsA(4)	aroE(4)	guaA(16)	mutL(12)	nuoD(1)	ppsA(6)	trpE(3)
GCF_001516385.1_ASM151638v1_genomic.fna	paeruginosa	253	acsA(4)	aroE(4)	guaA(16)	mutL(12)	nuoD(1)	ppsA(6)	trpE(3)
GCF_001518975.1_ASM151897v1_genomic.fna	paeruginosa	-	acsA(11)	aroE(8)	guaA(19)	mutL(115)	nuoD(4)	ppsA(13)	trpE(18)
GCF_001542795.2_ASM154279v2_genomic.fna	paeruginosa	257	acsA(35)	aroE(24)	guaA(36)	mutL(11)	nuoD(4)	ppsA(15)	trpE(14)
GCF_001542835.1_ASM154283v1_genomic.fna	paeruginosa	155	acsA(28)	aroE(5)	guaA(36)	mutL(3)	nuoD(3)	ppsA(13)	trpE(7)
GCF_001547955.1_ASM154795v1_genomic.fna	paeruginosa	357	acsA(2)	aroE(4)	guaA(5)	mutL(3)	nuoD(1)	ppsA(6)	trpE(11)
GCF_001548135.1_ASM154813v1_genomic.fna	paeruginosa	2619	acsA(17)	aroE(5)	guaA(1)	mutL(3)	nuoD(4)	ppsA(4)	trpE(3)
GCF_001548335.1_ASM154833v1_genomic.fna	paeruginosa	1047	acsA(18)	aroE(8)	guaA(5)	mutL(5)	nuoD(1)	ppsA(6)	trpE(4)
GCF_001594325.2_ASM159432v2_genomic.fna	paeruginosa	198	acsA(11)	aroE(5)	guaA(11)	mutL(11)	nuoD(3)	ppsA(27)	trpE(7)
GCF_001606045.1_ASM160604v1_genomic.fna	paeruginosa	2362	acsA(6)	aroE(5)	guaA(1)	mutL(29)	nuoD(92)	ppsA(4)	trpE(68)
GCF_001618925.1_ASM161892v1_genomic.fna	paeruginosa	155	acsA(28)	aroE(5)	guaA(36)	mutL(3)	nuoD(3)	ppsA(13)	trpE(7)
GCF_001632245.1_ASM163224v1_genomic.fna	paeruginosa	313	acsA(47)	aroE(8)	guaA(7)	mutL(6)	nuoD(8)	ppsA(11)	trpE(40)
GCF_001679685.1_ASM167968v1_genomic.fna	paeruginosa	389	acsA(17)	aroE(22)	guaA(5)	mutL(3)	nuoD(1)	ppsA(14)	trpE(3)
GCF_001687285.1_ASM168728v1_genomic.fna	paeruginosa	155	acsA(28)	aroE(5)	guaA(36)	mutL(3)	nuoD(3)	ppsA(13)	trpE(7)
GCF_001721745.1_ASM172174v1_genomic.fna	paeruginosa	1971	acsA(32)	aroE(190)	guaA(3)	mutL(62)	nuoD(8)	ppsA(7)	trpE(26)
GCF_001721765.1_ASM172176v1_genomic.fna	paeruginosa	1971	acsA(32)	aroE(190)	guaA(3)	mutL(62)	nuoD(8)	ppsA(7)	trpE(26)
GCF_001721785.1_ASM172178v1_genomic.fna	paeruginosa	1971	acsA(32)	aroE(190)	guaA(3)	mutL(62)	nuoD(8)	ppsA(7)	trpE(26)
GCF_001721805.1_ASM172180v1_genomic.fna	paeruginosa	1971	acsA(32)	aroE(190)	guaA(3)	mutL(62)	nuoD(8)	ppsA(7)	trpE(26)
GCF_001721825.1_ASM172182v1_genomic.fna	paeruginosa	1971	acsA(32)	aroE(190)	guaA(3)	mutL(62)	nuoD(8)	ppsA(7)	trpE(26)
GCF_001721845.1_ASM172184v1_genomic.fna	paeruginosa	1971	acsA(32)	aroE(190)	guaA(3)	mutL(62)	nuoD(8)	ppsA(7)	trpE(26)
GCF_001722005.2_ASM172200v2_genomic.fna	paeruginosa	316	acsA(13)	aroE(8)	guaA(9)	mutL(3)	nuoD(1)	ppsA(6)	trpE(9)
GCF_001722025.1_ASM172202v1_genomic.fna	paeruginosa	1971	acsA(32)	aroE(190)	guaA(3)	mutL(62)	nuoD(8)	ppsA(7)	trpE(26)
GCF_001722045.1_ASM172204v1_genomic.fna	paeruginosa	1971	acsA(32)	aroE(190)	guaA(3)	mutL(62)	nuoD(8)	ppsA(7)	trpE(26)
GCF_001729505.1_ASM172950v1_genomic.fna	paeruginosa	549	acsA(7)	aroE(5)	guaA(12)	mutL(3)	nuoD(4)	ppsA(1)	trpE(7)
GCF_001750705.1_ASM175070v1_genomic.fna	paeruginosa	27	acsA(6)	aroE(5)	guaA(6)	mutL(7)	nuoD(4)	ppsA(6)	trpE(7)
GCF_001792835.1_ASM179283v1_genomic.fna	paeruginosa	277	acsA(39)	aroE(5)	guaA(9)	mutL(11)	nuoD(27)	ppsA(5)	trpE(2)
GCF_001792855.1_ASM179285v1_genomic.fna	paeruginosa	277	acsA(39)	aroE(5)	guaA(9)	mutL(11)	nuoD(27)	ppsA(5)	trpE(2)
GCF_001792875.1_ASM179287v1_genomic.fna	paeruginosa	277	acsA(39)	aroE(5)	guaA(9)	mutL(11)	nuoD(27)	ppsA(5)	trpE(2)
GCF_001870265.1_ASM187026v1_genomic.fna	paeruginosa	277	acsA(39)	aroE(5)	guaA(9)	mutL(11)	nuoD(27)	ppsA(5)	trpE(2)
GCF_001874465.1_ASM187446v1_genomic.fna	paeruginosa	308	acsA(13)	aroE(4)	guaA(5)	mutL(5)	nuoD(12)	ppsA(7)	trpE(15)
GCF_001879525.1_ASM187952v1_genomic.fna	paeruginosa	260	acsA(14)	aroE(5)	guaA(10)	mutL(7)	nuoD(4)	ppsA(13)	trpE(7)
GCF_001900195.1_ASM190019v1_genomic.fna	paeruginosa	387	acsA(28)	aroE(5)	guaA(11)	mutL(11)	nuoD(4)	ppsA(12)	trpE(3)
GCF_001900225.1_ASM190022v1_genomic.fna	paeruginosa	387	acsA(28)	aroE(5)	guaA(11)	mutL(11)	nuoD(4)	ppsA(12)	trpE(3)
GCF_001900265.1_ASM190026v1_genomic.fna	paeruginosa	387	acsA(28)	aroE(5)	guaA(11)	mutL(11)	nuoD(4)	ppsA(12)	trpE(3)
GCF_002075065.1_ASM207506v1_genomic.fna	paeruginosa	550	acsA(119)	aroE(10)	guaA(3)	mutL(5)	nuoD(64)	ppsA(6)	trpE(77)
GCF_002085605.1_ASM208560v1_genomic.fna	paeruginosa	111	acsA(17)	aroE(5)	guaA(5)	mutL(4)	nuoD(4)	ppsA(4)	trpE(3)
GCF_002085755.1_ASM208575v1_genomic.fna	paeruginosa	235	acsA(38)	aroE(11)	guaA(3)	mutL(13)	nuoD(1)	ppsA(2)	trpE(4)
GCF_002104595.1_ASM210459v1_genomic.fna	paeruginosa	308	acsA(13)	aroE(4)	guaA(5)	mutL(5)	nuoD(12)	ppsA(7)	trpE(15)
GCF_002104615.1_ASM210461v1_genomic.fna	paeruginosa	308	acsA(13)	aroE(4)	guaA(5)	mutL(5)	nuoD(12)	ppsA(7)	trpE(15)
GCF_002192475.1_ASM219247v1_genomic.fna	paeruginosa	309	acsA(13)	aroE(8)	guaA(9)	mutL(3)	nuoD(1)	ppsA(17)	trpE(15)
GCF_002192495.1_ASM219249v1_genomic.fna	paeruginosa	308	acsA(13)	aroE(4)	guaA(5)	mutL(5)	nuoD(12)	ppsA(7)	trpE(15)
GCF_002205335.1_ASM220533v1_genomic.fna	paeruginosa	3569	acsA(11)	aroE(5)	guaA(37)	mutL(3)	nuoD(1)	ppsA(60)	trpE(182)
GCF_002205355.1_ASM220535v1_genomic.fna	paeruginosa	309	acsA(13)	aroE(8)	guaA(9)	mutL(3)	nuoD(1)	ppsA(17)	trpE(15)
GCF_002205375.1_ASM220537v1_genomic.fna	paeruginosa	277	acsA(39)	aroE(5)	guaA(9)	mutL(11)	nuoD(27)	ppsA(5)	trpE(2)
GCF_002208645.1_ASM220864v1_genomic.fna	paeruginosa	155	acsA(28)	aroE(5)	guaA(36)	mutL(3)	nuoD(3)	ppsA(13)	trpE(7)
GCF_002215345.1_ASM221534v1_genomic.fna	paeruginosa	233	acsA(16)	aroE(5)	guaA(30)	mutL(11)	nuoD(4)	ppsA(31)	trpE(41)
GCF_002223805.1_ASM222380v1_genomic.fna	paeruginosa	253	acsA(4)	aroE(4)	guaA(16)	mutL(12)	nuoD(1)	ppsA(6)	trpE(3)
GCF_002237405.1_ASM223740v1_genomic.fna	paeruginosa	316	acsA(13)	aroE(8)	guaA(9)	mutL(3)	nuoD(1)	ppsA(6)	trpE(9)
GCF_002237425.1_ASM223742v1_genomic.fna	paeruginosa	316	acsA(13)	aroE(8)	guaA(9)	mutL(3)	nuoD(1)	ppsA(6)	trpE(9)
GCF_002287725.2_ASM228772v2_genomic.fna	paeruginosa	-	acsA(13)	aroE(13)	guaA(9)	mutL(3)	nuoD(1)	ppsA(6)	trpE(9)
GCF_002411865.3_ASM241186v3_genomic.fna	paeruginosa	234	acsA(1)	aroE(5)	guaA(11)	mutL(3)	nuoD(4)	ppsA(10)	trpE(3)
GCF_002442855.1_ASM244285v1_genomic.fna	paeruginosa	1239	acsA(16)	aroE(5)	guaA(1)	mutL(3)	nuoD(4)	ppsA(15)	trpE(7)
GCF_002753655.1_ASM275365v1_genomic.fna	paeruginosa	1420	acsA(5)	aroE(163)	guaA(25)	mutL(5)	nuoD(1)	ppsA(20)	trpE(125)
GCF_002812825.1_ASM281282v1_genomic.fna	paeruginosa	319	acsA(5)	aroE(4)	guaA(3)	mutL(3)	nuoD(1)	ppsA(11)	trpE(8)
GCF_002812845.1_ASM281284v1_genomic.fna	paeruginosa	319	acsA(5)	aroE(4)	guaA(3)	mutL(3)	nuoD(1)	ppsA(11)	trpE(8)
GCF_002812865.1_ASM281286v1_genomic.fna	paeruginosa	-	acsA(11)	aroE(62)	guaA(17)	mutL(5)	nuoD(2)	ppsA(4)	trpE(7)
GCF_002812885.1_ASM281288v1_genomic.fna	paeruginosa	-	acsA(11)	aroE(62)	guaA(17)	mutL(5)	nuoD(2)	ppsA(4)	trpE(7)
GCF_002812905.2_ASM281290v2_genomic.fna	paeruginosa	235	acsA(38)	aroE(11)	guaA(3)	mutL(13)	nuoD(1)	ppsA(2)	trpE(4)
GCF_002812925.2_ASM281292v3_genomic.fna	paeruginosa	235	acsA(38)	aroE(11)	guaA(3)	mutL(13)	nuoD(1)	ppsA(2)	trpE(4)
GCF_002946935.1_ASM294693v1_genomic.fna	paeruginosa	111	acsA(17)	aroE(5)	guaA(5)	mutL(4)	nuoD(4)	ppsA(4)	trpE(3)
GCF_002968515.1_ASM296851v1_genomic.fna	paeruginosa	1712	acsA(16)	aroE(5)	guaA(30)	mutL(11)	nuoD(4)	ppsA(31)	trpE(7)
GCF_002968585.1_ASM296858v1_genomic.fna	paeruginosa	235	acsA(38)	aroE(11)	guaA(3)	mutL(13)	nuoD(1)	ppsA(2)	trpE(4)
GCF_002968655.1_ASM296865v1_genomic.fna	paeruginosa	308	acsA(13)	aroE(4)	guaA(5)	mutL(5)	nuoD(12)	ppsA(7)	trpE(15)
GCF_002968695.1_ASM296869v1_genomic.fna	paeruginosa	233	acsA(16)	aroE(5)	guaA(30)	mutL(11)	nuoD(4)	ppsA(31)	trpE(41)
GCF_002968755.1_ASM296875v1_genomic.fna	paeruginosa	1006	acsA(87)	aroE(42)	guaA(114)	mutL(37)	nuoD(53)	ppsA(97)	trpE(129)
GCF_002968955.1_ASM296895v1_genomic.fna	paeruginosa	235	acsA(38)	aroE(11)	guaA(3)	mutL(13)	nuoD(1)	ppsA(2)	trpE(4)
GCF_002997005.1_ASM299700v1_genomic.fna	paeruginosa	620	acsA(9)	aroE(7)	guaA(63)	mutL(13)	nuoD(8)	ppsA(7)	trpE(8)
GCF_003025345.2_ASM302534v2_genomic.fna	paeruginosa	3198	acsA(87)	aroE(148)	guaA(15)	mutL(35)	nuoD(53)	ppsA(109)	trpE(177)
GCF_003028335.1_ASM302833v1_genomic.fna	paeruginosa	-	acsA(38)	aroE(~311)	guaA(3)	mutL(13)	nuoD(1)	ppsA(2)	trpE(4)
GCF_003052005.2_ASM305200v2_genomic.fna	paeruginosa	277	acsA(39)	aroE(5)	guaA(9)	mutL(11)	nuoD(27)	ppsA(5)	trpE(2)
GCF_003060845.1_ASM306084v1_genomic.fna	paeruginosa	296	acsA(44)	aroE(8)	guaA(5)	mutL(3)	nuoD(15)	ppsA(6)	trpE(26)
GCF_003073615.1_ASM307361v1_genomic.fna	paeruginosa	233	acsA(16)	aroE(5)	guaA(30)	mutL(11)	nuoD(4)	ppsA(31)	trpE(41)
GCF_003073695.1_ASM307369v1_genomic.fna	paeruginosa	1006	acsA(87)	aroE(42)	guaA(114)	mutL(37)	nuoD(53)	ppsA(97)	trpE(129)
GCF_003073735.1_ASM307373v1_genomic.fna	paeruginosa	111	acsA(17)	aroE(5)	guaA(5)	mutL(4)	nuoD(4)	ppsA(4)	trpE(3)
GCF_003073795.1_ASM307379v1_genomic.fna	paeruginosa	395	acsA(6)	aroE(5)	guaA(1)	mutL(1)	nuoD(1)	ppsA(12)	trpE(1)
GCF_003073895.1_ASM307389v1_genomic.fna	paeruginosa	179	acsA(36)	aroE(27)	guaA(28)	mutL(3)	nuoD(4)	ppsA(13)	trpE(7)
GCF_003193645.1_ASM319364v1_genomic.fna	paeruginosa	-	acsA(89)	aroE(30)	guaA(64)	mutL(26)	nuoD(4)	ppsA(24)	trpE(32)
GCF_003194245.1_ASM319424v1_genomic.fna	paeruginosa	395	acsA(6)	aroE(5)	guaA(1)	mutL(1)	nuoD(1)	ppsA(12)	trpE(1)
GCF_003204335.1_ASM320433v1_genomic.fna	paeruginosa	233	acsA(16)	aroE(5)	guaA(30)	mutL(11)	nuoD(4)	ppsA(31)	trpE(41)
GCF_003206535.1_ASM320653v1_genomic.fna	paeruginosa	233	acsA(16)	aroE(5)	guaA(30)	mutL(11)	nuoD(4)	ppsA(31)	trpE(41)
GCF_003288335.1_ASM328833v1_genomic.fna	paeruginosa	-	acsA(16)	aroE(5)	guaA(3)	mutL(72)	nuoD(4)	ppsA(13)	trpE(7)
GCF_003288355.1_ASM328835v1_genomic.fna	paeruginosa	298	acsA(18)	aroE(4)	guaA(13)	mutL(3)	nuoD(1)	ppsA(17)	trpE(13)
GCF_003288435.1_ASM328843v1_genomic.fna	paeruginosa	274	acsA(23)	aroE(5)	guaA(11)	mutL(7)	nuoD(1)	ppsA(12)	trpE(7)
GCF_003319235.1_ASM331923v1_genomic.fna	paeruginosa	27	acsA(6)	aroE(5)	guaA(6)	mutL(7)	nuoD(4)	ppsA(6)	trpE(7)
GCF_003332705.2_ASM333270v2_genomic.fna	paeruginosa	1284	acsA(32)	aroE(8)	guaA(5)	mutL(3)	nuoD(5)	ppsA(6)	trpE(26)
GCF_003369735.1_ASM336973v1_genomic.fna	paeruginosa	245	acsA(39)	aroE(6)	guaA(12)	mutL(11)	nuoD(3)	ppsA(15)	trpE(2)
GCF_003369755.1_ASM336975v1_genomic.fna	paeruginosa	111	acsA(17)	aroE(5)	guaA(5)	mutL(4)	nuoD(4)	ppsA(4)	trpE(3)
GCF_003369775.1_ASM336977v1_genomic.fna	paeruginosa	-	acsA(1)	aroE(5)	guaA(11)	mutL(5)	nuoD(4)	ppsA(15)	trpE(~260)
GCF_003408495.1_ASM340849v1_genomic.fna	paeruginosa	245	acsA(39)	aroE(6)	guaA(12)	mutL(11)	nuoD(3)	ppsA(15)	trpE(2)
GCF_003411785.2_ASM341178v2_genomic.fna	paeruginosa	298	acsA(18)	aroE(4)	guaA(13)	mutL(3)	nuoD(1)	ppsA(17)	trpE(13)
GCF_003429185.1_ASM342918v1_genomic.fna	paeruginosa	-	acsA(11)	aroE(3)	guaA(11)	mutL(3)	nuoD(1)	ppsA(~4)	trpE(60)
GCF_003429205.1_ASM342920v1_genomic.fna	paeruginosa	2167	acsA(11)	aroE(143)	guaA(1)	mutL(7)	nuoD(3)	ppsA(94)	trpE(26)
GCF_003433235.1_ASM343323v1_genomic.fna	paeruginosa	235	acsA(38)	aroE(11)	guaA(3)	mutL(13)	nuoD(1)	ppsA(2)	trpE(4)
GCF_003571505.1_ASM357150v1_genomic.fna	paeruginosa	654	acsA(17)	aroE(5)	guaA(26)	mutL(3)	nuoD(4)	ppsA(4)	trpE(26)
GCF_003571805.1_ASM357180v1_genomic.fna	paeruginosa	233	acsA(16)	aroE(5)	guaA(30)	mutL(11)	nuoD(4)	ppsA(31)	trpE(41)
GCF_003626935.1_ASM362693v2_genomic.fna	paeruginosa	357	acsA(2)	aroE(4)	guaA(5)	mutL(3)	nuoD(1)	ppsA(6)	trpE(11)
GCF_003641125.1_ASM364112v1_genomic.fna	paeruginosa	235	acsA(38)	aroE(11)	guaA(3)	mutL(13)	nuoD(1)	ppsA(2)	trpE(4)
GCF_003716765.1_ASM371676v1_genomic.fna	paeruginosa	357	acsA(2)	aroE(4)	guaA(5)	mutL(3)	nuoD(1)	ppsA(6)	trpE(11)
GCF_003798105.1_ASM379810v1_genomic.fna	paeruginosa	17	acsA(11)	aroE(5)	guaA(1)	mutL(7)	nuoD(9)	ppsA(4)	trpE(7)
GCF_003798125.1_ASM379812v1_genomic.fna	paeruginosa	1076	acsA(5)	aroE(4)	guaA(57)	mutL(62)	nuoD(1)	ppsA(1)	trpE(26)
GCF_003798145.1_ASM379814v1_genomic.fna	paeruginosa	253	acsA(4)	aroE(4)	guaA(16)	mutL(12)	nuoD(1)	ppsA(6)	trpE(3)
GCF_003812165.1_ASM381216v1_genomic.fna	paeruginosa	179	acsA(36)	aroE(27)	guaA(28)	mutL(3)	nuoD(4)	ppsA(13)	trpE(7)
GCF_003812885.1_ASM381288v1_genomic.fna	paeruginosa	235	acsA(38)	aroE(11)	guaA(3)	mutL(13)	nuoD(1)	ppsA(2)	trpE(4)
GCF_003812905.1_ASM381290v1_genomic.fna	paeruginosa	235	acsA(38)	aroE(11)	guaA(3)	mutL(13)	nuoD(1)	ppsA(2)	trpE(4)
GCF_003813005.1_ASM381300v1_genomic.fna	paeruginosa	179	acsA(36)	aroE(27)	guaA(28)	mutL(3)	nuoD(4)	ppsA(13)	trpE(7)
GCF_003813025.1_ASM381302v1_genomic.fna	paeruginosa	244	acsA(17)	aroE(5)	guaA(12)	mutL(3)	nuoD(14)	ppsA(4)	trpE(7)
GCF_003950015.1_ASM395001v1_genomic.fna	paeruginosa	621	acsA(15)	aroE(5)	guaA(20)	mutL(5)	nuoD(1)	ppsA(4)	trpE(25)
GCF_003950255.1_ASM395025v1_genomic.fna	paeruginosa	357	acsA(2)	aroE(4)	guaA(5)	mutL(3)	nuoD(1)	ppsA(6)	trpE(11)
GCF_003952325.1_ASM395232v1_genomic.fna	paeruginosa	357	acsA(2)	aroE(4)	guaA(5)	mutL(3)	nuoD(1)	ppsA(6)	trpE(11)
GCF_003957825.1_ASM395782v1_genomic.fna	paeruginosa	549	acsA(7)	aroE(5)	guaA(12)	mutL(3)	nuoD(4)	ppsA(1)	trpE(7)
GCF_003991465.1_ASM399146v1_genomic.fna	paeruginosa	357	acsA(2)	aroE(4)	guaA(5)	mutL(3)	nuoD(1)	ppsA(6)	trpE(11)
GCF_004010895.1_ASM401089v1_genomic.fna	paeruginosa	1182	acsA(5)	aroE(1)	guaA(109)	mutL(54)	nuoD(1)	ppsA(1)	trpE(47)
GCF_004014755.1_ASM401475v2_genomic.fna	paeruginosa	549	acsA(7)	aroE(5)	guaA(12)	mutL(3)	nuoD(4)	ppsA(1)	trpE(7)
GCF_004102665.1_ASM410266v1_genomic.fna	paeruginosa	549	acsA(7)	aroE(5)	guaA(12)	mutL(3)	nuoD(4)	ppsA(1)	trpE(7)
GCF_004193735.1_ASM419373v1_genomic.fna	paeruginosa	234	acsA(1)	aroE(5)	guaA(11)	mutL(3)	nuoD(4)	ppsA(10)	trpE(3)
GCF_004291075.1_ASM429107v1_genomic.fna	paeruginosa	245	acsA(39)	aroE(6)	guaA(12)	mutL(11)	nuoD(3)	ppsA(15)	trpE(2)
GCF_004355125.1_ASM435512v1_genomic.fna	paeruginosa	649	acsA(11)	aroE(84)	guaA(11)	mutL(3)	nuoD(4)	ppsA(4)	trpE(7)
GCF_004355145.1_ASM435514v1_genomic.fna	paeruginosa	649	acsA(11)	aroE(84)	guaA(11)	mutL(3)	nuoD(4)	ppsA(4)	trpE(7)
GCF_005305005.1_ASM530500v1_genomic.fna	paeruginosa	277	acsA(39)	aroE(5)	guaA(9)	mutL(11)	nuoD(27)	ppsA(5)	trpE(2)
GCF_006364735.1_ASM636473v1_genomic.fna	paeruginosa	549	acsA(7)	aroE(5)	guaA(12)	mutL(3)	nuoD(4)	ppsA(1)	trpE(7)
GCF_006364795.1_ASM636479v1_genomic.fna	paeruginosa	252	acsA(6)	aroE(28)	guaA(4)	mutL(3)	nuoD(3)	ppsA(4)	trpE(7)
GCF_006704595.2_ASM670459v2_genomic.fna	paeruginosa	298	acsA(18)	aroE(4)	guaA(13)	mutL(3)	nuoD(1)	ppsA(17)	trpE(13)
GCF_006971785.1_ASM697178v1_genomic.fna	paeruginosa	2211	acsA(87)	aroE(34)	guaA(114)	mutL(37)	nuoD(86)	ppsA(100)	trpE(170)
GCF_007559065.1_ASM755906v1_genomic.fna	paeruginosa	773	acsA(5)	aroE(4)	guaA(5)	mutL(5)	nuoD(5)	ppsA(7)	trpE(8)
GCF_007559085.1_ASM755908v1_genomic.fna	paeruginosa	274	acsA(23)	aroE(5)	guaA(11)	mutL(7)	nuoD(1)	ppsA(12)	trpE(7)
GCF_007559105.1_ASM755910v1_genomic.fna	paeruginosa	360	acsA(15)	aroE(5)	guaA(36)	mutL(11)	nuoD(27)	ppsA(4)	trpE(2)
GCF_007559125.1_ASM755912v1_genomic.fna	paeruginosa	235	acsA(38)	aroE(11)	guaA(3)	mutL(13)	nuoD(1)	ppsA(2)	trpE(4)
GCF_007833895.1_ASM783389v1_genomic.fna	paeruginosa	316	acsA(13)	aroE(8)	guaA(9)	mutL(3)	nuoD(1)	ppsA(6)	trpE(9)
GCF_008033725.1_ASM803372v1_genomic.fna	paeruginosa	132	acsA(6)	aroE(20)	guaA(1)	mutL(3)	nuoD(4)	ppsA(4)	trpE(2)
GCF_008033745.1_ASM803374v1_genomic.fna	paeruginosa	132	acsA(6)	aroE(20)	guaA(1)	mutL(3)	nuoD(4)	ppsA(4)	trpE(2)
GCF_008033765.1_ASM803376v1_genomic.fna	paeruginosa	132	acsA(6)	aroE(20)	guaA(1)	mutL(3)	nuoD(4)	ppsA(4)	trpE(2)
GCF_008195485.1_ASM819548v1_genomic.fna	paeruginosa	235	acsA(38)	aroE(11)	guaA(3)	mutL(13)	nuoD(1)	ppsA(2)	trpE(4)
GCF_008245185.1_ASM824518v1_genomic.fna	paeruginosa	2855	acsA(182)	aroE(48)	guaA(166)	mutL(5)	nuoD(4)	ppsA(64)	trpE(1)
GCF_008705235.1_ASM870523v1_genomic.fna	paeruginosa	282	acsA(6)	aroE(5)	guaA(11)	mutL(7)	nuoD(3)	ppsA(12)	trpE(19)
GCF_009497675.1_ASM949767v1_genomic.fna	paeruginosa	260	acsA(14)	aroE(5)	guaA(10)	mutL(7)	nuoD(4)	ppsA(13)	trpE(7)
GCF_009648875.1_ASM964887v1_genomic.fna	paeruginosa	-	acsA(15)	aroE(8)	guaA(11)	mutL(3)	nuoD(73)	ppsA(3)	trpE(3)
GCF_009662315.1_ASM966231v1_genomic.fna	paeruginosa	111	acsA(17)	aroE(5)	guaA(5)	mutL(4)	nuoD(4)	ppsA(4)	trpE(3)
GCF_009664165.1_ASM966416v1_genomic.fna	paeruginosa	773	acsA(5)	aroE(4)	guaA(5)	mutL(5)	nuoD(5)	ppsA(7)	trpE(8)
GCF_009676765.1_ASM967676v1_genomic.fna	paeruginosa	395	acsA(6)	aroE(5)	guaA(1)	mutL(1)	nuoD(1)	ppsA(12)	trpE(1)
GCF_009676785.1_ASM967678v1_genomic.fna	paeruginosa	395	acsA(6)	aroE(5)	guaA(1)	mutL(1)	nuoD(1)	ppsA(12)	trpE(1)
GCF_009676885.1_ASM967688v1_genomic.fna	paeruginosa	27	acsA(6)	aroE(5)	guaA(6)	mutL(7)	nuoD(4)	ppsA(6)	trpE(7)
GCF_009720405.1_ASM972040v1_genomic.fna	paeruginosa	-	acsA(67)	aroE(~50)	guaA(65)	mutL(31)	nuoD(1)	ppsA(6)	trpE(26)
GCF_009720425.1_ASM972042v1_genomic.fna	paeruginosa	708	acsA(11)	aroE(3)	guaA(11)	mutL(3)	nuoD(1)	ppsA(4)	trpE(60)
GCF_009867055.1_ASM986705v1_genomic.fna	paeruginosa	231	acsA(6)	aroE(5)	guaA(36)	mutL(63)	nuoD(4)	ppsA(30)	trpE(2)
GCF_009905195.1_ASM990519v1_genomic.fna	paeruginosa	-	acsA(28)	aroE(5)	guaA(58)	mutL(11)	nuoD(4)	ppsA(10)	trpE(44)
GCF_009911735.1_ASM991173v1_genomic.fna	paeruginosa	257	acsA(35)	aroE(24)	guaA(36)	mutL(11)	nuoD(4)	ppsA(15)	trpE(14)
GCF_011045375.1_ASM1104537v1_genomic.fna	paeruginosa	979	acsA(6)	aroE(8)	guaA(11)	mutL(5)	nuoD(2)	ppsA(4)	trpE(14)
GCF_011106815.1_ASM1110681v1_genomic.fna	paeruginosa	639	acsA(11)	aroE(19)	guaA(19)	mutL(3)	nuoD(4)	ppsA(4)	trpE(7)
GCF_011466835.1_ASM1146683v1_genomic.fna	paeruginosa	175	acsA(28)	aroE(22)	guaA(5)	mutL(3)	nuoD(3)	ppsA(14)	trpE(19)
GCF_012276675.1_ASM1227667v1_genomic.fna	paeruginosa	3244	acsA(58)	aroE(106)	guaA(85)	mutL(86)	nuoD(60)	ppsA(54)	trpE(72)
GCF_012935295.1_ASM1293529v1_genomic.fna	paeruginosa	708	acsA(11)	aroE(3)	guaA(11)	mutL(3)	nuoD(1)	ppsA(4)	trpE(60)
GCF_012971705.1_ASM1297170v1_genomic.fna	paeruginosa	381	acsA(11)	aroE(20)	guaA(1)	mutL(65)	nuoD(4)	ppsA(4)	trpE(10)
GCF_013001005.1_ASM1300100v1_genomic.fna	paeruginosa	549	acsA(7)	aroE(5)	guaA(12)	mutL(3)	nuoD(4)	ppsA(1)	trpE(7)
GCF_013201095.1_ASM1320109v1_genomic.fna	paeruginosa	1021	acsA(27)	aroE(14)	guaA(25)	mutL(3)	nuoD(1)	ppsA(16)	trpE(46)
GCF_013201115.1_ASM1320111v1_genomic.fna	paeruginosa	244	acsA(17)	aroE(5)	guaA(12)	mutL(3)	nuoD(14)	ppsA(4)	trpE(7)
GCF_013255565.1_ASM1325556v1_genomic.fna	paeruginosa	773	acsA(5)	aroE(4)	guaA(5)	mutL(5)	nuoD(5)	ppsA(7)	trpE(8)
GCF_013260445.1_ASM1326044v1_genomic.fna	paeruginosa	1395	acsA(25)	aroE(5)	guaA(36)	mutL(5)	nuoD(4)	ppsA(117)	trpE(7)
GCF_013305645.2_ASM1330564v2_genomic.fna	paeruginosa	292	acsA(109)	aroE(10)	guaA(73)	mutL(3)	nuoD(4)	ppsA(4)	trpE(3)
GCF_013305765.1_ASM1330576v1_genomic.fna	paeruginosa	549	acsA(7)	aroE(5)	guaA(12)	mutL(3)	nuoD(4)	ppsA(1)	trpE(7)
GCF_013305815.1_ASM1330581v1_genomic.fna	paeruginosa	549	acsA(7)	aroE(5)	guaA(12)	mutL(3)	nuoD(4)	ppsA(1)	trpE(7)
GCF_013305845.1_ASM1330584v1_genomic.fna	paeruginosa	549	acsA(7)	aroE(5)	guaA(12)	mutL(3)	nuoD(4)	ppsA(1)	trpE(7)
GCF_013341295.1_ASM1334129v1_genomic.fna	paeruginosa	274	acsA(23)	aroE(5)	guaA(11)	mutL(7)	nuoD(1)	ppsA(12)	trpE(7)
GCF_013341315.1_ASM1334131v1_genomic.fna	paeruginosa	179	acsA(36)	aroE(27)	guaA(28)	mutL(3)	nuoD(4)	ppsA(13)	trpE(7)
GCF_013343315.1_ASM1334331v1_genomic.fna	paeruginosa	27	acsA(6)	aroE(5)	guaA(6)	mutL(7)	nuoD(4)	ppsA(6)	trpE(7)
GCF_013343335.1_ASM1334333v1_genomic.fna	paeruginosa	1094	acsA(16)	aroE(22)	guaA(5)	mutL(3)	nuoD(2)	ppsA(15)	trpE(10)
GCF_013343355.1_ASM1334335v1_genomic.fna	paeruginosa	439	acsA(6)	aroE(68)	guaA(20)	mutL(11)	nuoD(4)	ppsA(4)	trpE(7)
GCF_013343375.1_ASM1334337v1_genomic.fna	paeruginosa	226	acsA(11)	aroE(5)	guaA(36)	mutL(3)	nuoD(1)	ppsA(29)	trpE(7)
GCF_013343395.1_ASM1334339v1_genomic.fna	paeruginosa	17	acsA(11)	aroE(5)	guaA(1)	mutL(7)	nuoD(9)	ppsA(4)	trpE(7)
GCF_013343415.1_ASM1334341v1_genomic.fna	paeruginosa	-	acsA(6)	aroE(5)	guaA(11)	mutL(3)	nuoD(~121)	ppsA(4)	trpE(~201)
GCF_013343435.1_ASM1334343v1_genomic.fna	paeruginosa	1712	acsA(16)	aroE(5)	guaA(30)	mutL(11)	nuoD(4)	ppsA(31)	trpE(7)
GCF_013343455.1_ASM1334345v1_genomic.fna	paeruginosa	-	acsA(6)	aroE(5)	guaA(11)	mutL(29)	nuoD(3)	ppsA(15)	trpE(~1)
GCF_013343475.1_ASM1334347v1_genomic.fna	paeruginosa	-	acsA(28)	aroE(5)	guaA(91)	mutL(5)	nuoD(4)	ppsA(1)	trpE(14)
GCF_013343495.1_ASM1334349v1_genomic.fna	paeruginosa	-	acsA(6)	aroE(5)	guaA(11)	mutL(3)	nuoD(3)	ppsA(15)	trpE(1)
GCF_013343515.1_ASM1334351v1_genomic.fna	paeruginosa	815	acsA(103)	aroE(11)	guaA(61)	mutL(5)	nuoD(1)	ppsA(6)	trpE(8)
GCF_013343535.1_ASM1334353v1_genomic.fna	paeruginosa	589	acsA(15)	aroE(5)	guaA(11)	mutL(3)	nuoD(4)	ppsA(12)	trpE(7)
GCF_013343555.1_ASM1334355v1_genomic.fna	paeruginosa	2685	acsA(23)	aroE(5)	guaA(7)	mutL(30)	nuoD(1)	ppsA(4)	trpE(10)
GCF_013343575.1_ASM1334357v1_genomic.fna	paeruginosa	3006	acsA(11)	aroE(5)	guaA(91)	mutL(3)	nuoD(83)	ppsA(90)	trpE(1)
GCF_013347245.1_ASM1334724v1_genomic.fna	paeruginosa	233	acsA(16)	aroE(5)	guaA(30)	mutL(11)	nuoD(4)	ppsA(31)	trpE(41)
GCF_013376775.1_ASM1337677v1_genomic.fna	paeruginosa	233	acsA(16)	aroE(5)	guaA(30)	mutL(11)	nuoD(4)	ppsA(31)	trpE(41)
GCF_013393665.2_ASM1339366v2_genomic.fna	paeruginosa	235	acsA(38)	aroE(11)	guaA(3)	mutL(13)	nuoD(1)	ppsA(2)	trpE(4)
GCF_013393685.1_ASM1339368v1_genomic.fna	paeruginosa	179	acsA(36)	aroE(27)	guaA(28)	mutL(3)	nuoD(4)	ppsA(13)	trpE(7)
GCF_013393705.1_ASM1339370v1_genomic.fna	paeruginosa	697	acsA(17)	aroE(24)	guaA(37)	mutL(5)	nuoD(3)	ppsA(7)	trpE(25)
GCF_013394455.1_ASM1339445v1_genomic.fna	paeruginosa	639	acsA(11)	aroE(19)	guaA(19)	mutL(3)	nuoD(4)	ppsA(4)	trpE(7)
GCF_013394475.2_ASM1339447v2_genomic.fna	paeruginosa	235	acsA(38)	aroE(11)	guaA(3)	mutL(13)	nuoD(1)	ppsA(2)	trpE(4)
GCF_013395035.1_ASM1339503v1_genomic.fna	paeruginosa	-	acsA(28)	aroE(5)	guaA(94)	mutL(3)	nuoD(1)	ppsA(4)	trpE(10)
GCF_013467585.1_ASM1346758v1_genomic.fna	paeruginosa	-	acsA(28)	aroE(5)	guaA(94)	mutL(3)	nuoD(1)	ppsA(4)	trpE(10)
GCF_013467605.1_ASM1346760v1_genomic.fna	paeruginosa	-	acsA(28)	aroE(5)	guaA(94)	mutL(3)	nuoD(1)	ppsA(4)	trpE(10)
GCF_014155905.1_ASM1415590v1_genomic.fna	paeruginosa	3390	acsA(111)	aroE(30)	guaA(64)	mutL(26)	nuoD(134)	ppsA(59)	trpE(7)
GCF_014217315.1_ASM1421731v1_genomic.fna	paeruginosa	1197	acsA(5)	aroE(8)	guaA(119)	mutL(6)	nuoD(12)	ppsA(6)	trpE(3)
GCF_014467035.1_ASM1446703v1_genomic.fna	paeruginosa	-	acsA(11)	aroE(76)	guaA(4)	mutL(3)	nuoD(1)	ppsA(15)	trpE(1)
GCF_014490645.1_ASM1449064v1_genomic.fna	paeruginosa	1212	acsA(11)	aroE(10)	guaA(11)	mutL(72)	nuoD(3)	ppsA(10)	trpE(3)
GCF_014792125.1_ASM1479212v1_genomic.fna	paeruginosa	-	acsA(6)	aroE(5)	guaA(5)	mutL(3)	nuoD(1)	ppsA(6)	trpE(-)
GCF_014854655.1_ASM1485465v1_genomic.fna	paeruginosa	970	acsA(6)	aroE(5)	guaA(11)	mutL(3)	nuoD(4)	ppsA(3)	trpE(3)
GCF_014930935.1_ASM1493093v1_genomic.fna	paeruginosa	1248	acsA(18)	aroE(11)	guaA(57)	mutL(5)	nuoD(1)	ppsA(20)	trpE(139)
GCF_015697465.1_ASM1569746v1_genomic.fna	paeruginosa	232	acsA(17)	aroE(5)	guaA(11)	mutL(64)	nuoD(4)	ppsA(4)	trpE(2)
GCF_015697605.1_ASM1569760v1_genomic.fna	paeruginosa	3227	acsA(15)	aroE(5)	guaA(11)	mutL(72)	nuoD(4)	ppsA(15)	trpE(14)
GCF_015697645.1_ASM1569764v1_genomic.fna	paeruginosa	235	acsA(38)	aroE(11)	guaA(3)	mutL(13)	nuoD(1)	ppsA(2)	trpE(4)
GCF_015697665.1_ASM1569766v1_genomic.fna	paeruginosa	111	acsA(17)	aroE(5)	guaA(5)	mutL(4)	nuoD(4)	ppsA(4)	trpE(3)
GCF_015832055.1_ASM1583205v1_genomic.fna	paeruginosa	463	acsA(6)	aroE(5)	guaA(5)	mutL(3)	nuoD(1)	ppsA(6)	trpE(3)
GCF_015832075.1_ASM1583207v1_genomic.fna	paeruginosa	463	acsA(6)	aroE(5)	guaA(5)	mutL(3)	nuoD(1)	ppsA(6)	trpE(3)
GCF_016064595.1_ASM1606459v1_genomic.fna	paeruginosa	282	acsA(6)	aroE(5)	guaA(11)	mutL(7)	nuoD(3)	ppsA(12)	trpE(19)
GCF_016105505.1_ASM1610550v1_genomic.fna	paeruginosa	2779	acsA(40)	aroE(6)	guaA(19)	mutL(3)	nuoD(4)	ppsA(15)	trpE(9)
GCF_016105665.1_ASM1610566v1_genomic.fna	paeruginosa	241	acsA(17)	aroE(5)	guaA(11)	mutL(5)	nuoD(4)	ppsA(4)	trpE(7)
GCF_016105885.1_ASM1610588v1_genomic.fna	paeruginosa	816	acsA(5)	aroE(1)	guaA(65)	mutL(13)	nuoD(10)	ppsA(7)	trpE(23)
GCF_016107485.1_ASM1610748v1_genomic.fna	paeruginosa	549	acsA(7)	aroE(5)	guaA(12)	mutL(3)	nuoD(4)	ppsA(1)	trpE(7)
GCF_016126955.1_ASM1612695v1_genomic.fna	paeruginosa	155	acsA(28)	aroE(5)	guaA(36)	mutL(3)	nuoD(3)	ppsA(13)	trpE(7)
GCF_016134915.1_ASM1613491v1_genomic.fna	paeruginosa	3405	acsA(17)	aroE(5)	guaA(5)	mutL(4)	nuoD(137)	ppsA(4)	trpE(3)
GCF_016584725.1_ASM1658472v1_genomic.fna	paeruginosa	1445	acsA(142)	aroE(152)	guaA(65)	mutL(3)	nuoD(13)	ppsA(1)	trpE(23)
GCF_016743035.1_ASM1674303v1_genomic.fna	paeruginosa	2230	acsA(87)	aroE(198)	guaA(114)	mutL(123)	nuoD(86)	ppsA(93)	trpE(146)
GCF_016743115.1_ASM1674311v1_genomic.fna	paeruginosa	235	acsA(38)	aroE(11)	guaA(3)	mutL(13)	nuoD(1)	ppsA(2)	trpE(4)
GCF_016745115.1_ASM1674511v1_genomic.fna	paeruginosa	292	acsA(109)	aroE(10)	guaA(73)	mutL(3)	nuoD(4)	ppsA(4)	trpE(3)
GCF_016745135.1_ASM1674513v1_genomic.fna	paeruginosa	235	acsA(38)	aroE(11)	guaA(3)	mutL(13)	nuoD(1)	ppsA(2)	trpE(4)
GCF_016745155.1_ASM1674515v1_genomic.fna	paeruginosa	244	acsA(17)	aroE(5)	guaA(12)	mutL(3)	nuoD(14)	ppsA(4)	trpE(7)
GCF_016745175.1_ASM1674517v1_genomic.fna	paeruginosa	235	acsA(38)	aroE(11)	guaA(3)	mutL(13)	nuoD(1)	ppsA(2)	trpE(4)
GCF_016745195.1_ASM1674519v1_genomic.fna	paeruginosa	235	acsA(38)	aroE(11)	guaA(3)	mutL(13)	nuoD(1)	ppsA(2)	trpE(4)
GCF_016811975.1_ASM1681197v1_genomic.fna	paeruginosa	654	acsA(17)	aroE(5)	guaA(26)	mutL(3)	nuoD(4)	ppsA(4)	trpE(26)
GCF_016864415.1_ASM1686441v1_genomic.fna	paeruginosa	2475	acsA(22)	aroE(6)	guaA(1)	mutL(3)	nuoD(1)	ppsA(76)	trpE(1)
GCF_016925455.1_ASM1692545v1_genomic.fna	paeruginosa	357	acsA(2)	aroE(4)	guaA(5)	mutL(3)	nuoD(1)	ppsA(6)	trpE(11)
GCF_016925475.1_ASM1692547v1_genomic.fna	paeruginosa	357	acsA(2)	aroE(4)	guaA(5)	mutL(3)	nuoD(1)	ppsA(6)	trpE(11)
GCF_017378395.1_ASM1737839v1_genomic.fna	paeruginosa	1074	acsA(6)	aroE(130)	guaA(1)	mutL(4)	nuoD(2)	ppsA(4)	trpE(17)
GCF_017378475.1_ASM1737847v1_genomic.fna	paeruginosa	1074	acsA(6)	aroE(130)	guaA(1)	mutL(4)	nuoD(2)	ppsA(4)	trpE(17)
GCF_017900915.1_ASM1790091v1_genomic.fna	paeruginosa	-	acsA(20)	aroE(30)	guaA(~64)	mutL(26)	nuoD(48)	ppsA(24)	trpE(32)
GCF_018138045.1_ASM1813804v1_genomic.fna	paeruginosa	463	acsA(6)	aroE(5)	guaA(5)	mutL(3)	nuoD(1)	ppsA(6)	trpE(3)
GCF_018138065.1_ASM1813806v1_genomic.fna	paeruginosa	260	acsA(14)	aroE(5)	guaA(10)	mutL(7)	nuoD(4)	ppsA(13)	trpE(7)
GCF_018141565.1_ASM1814156v1_genomic.fna	paeruginosa	1639	acsA(11)	aroE(5)	guaA(6)	mutL(61)	nuoD(3)	ppsA(7)	trpE(1)
GCF_018141625.1_ASM1814162v1_genomic.fna	paeruginosa	1639	acsA(11)	aroE(5)	guaA(6)	mutL(61)	nuoD(3)	ppsA(7)	trpE(1)
GCF_018141645.1_ASM1814164v1_genomic.fna	paeruginosa	1639	acsA(11)	aroE(5)	guaA(6)	mutL(61)	nuoD(3)	ppsA(7)	trpE(1)
GCF_018279245.1_ASM1827924v1_genomic.fna	paeruginosa	233	acsA(16)	aroE(5)	guaA(30)	mutL(11)	nuoD(4)	ppsA(31)	trpE(41)
GCF_018279265.1_ASM1827926v1_genomic.fna	paeruginosa	357	acsA(2)	aroE(4)	guaA(5)	mutL(3)	nuoD(1)	ppsA(6)	trpE(11)
GCF_018279285.1_ASM1827928v1_genomic.fna	paeruginosa	233	acsA(16)	aroE(5)	guaA(30)	mutL(11)	nuoD(4)	ppsA(31)	trpE(41)
GCF_018279305.1_ASM1827930v1_genomic.fna	paeruginosa	316	acsA(13)	aroE(8)	guaA(9)	mutL(3)	nuoD(1)	ppsA(6)	trpE(9)
GCF_018409365.1_ASM1840936v1_genomic.fna	paeruginosa	3323	acsA(16)	aroE(5)	guaA(11)	mutL(11)	nuoD(4)	ppsA(42)	trpE(7)
GCF_018448985.1_ASM1844898v1_genomic.fna	paeruginosa	773	acsA(5)	aroE(4)	guaA(5)	mutL(5)	nuoD(5)	ppsA(7)	trpE(8)
GCF_018598285.3_ASM1859828v3_genomic.fna	paeruginosa	277	acsA(39)	aroE(5)	guaA(9)	mutL(11)	nuoD(27)	ppsA(5)	trpE(2)
GCF_018986715.1_ASM1898671v1_genomic.fna	paeruginosa	-	acsA(13)	aroE(8)	guaA(9)	mutL(3)	nuoD(1)	ppsA(~6)	trpE(9)
GCF_019364615.1_ASM1936461v1_genomic.fna	paeruginosa	369	acsA(1)	aroE(5)	guaA(20)	mutL(16)	nuoD(3)	ppsA(4)	trpE(7)
GCF_019378915.1_ASM1937891v1_genomic.fna	paeruginosa	798	acsA(11)	aroE(22)	guaA(6)	mutL(1)	nuoD(4)	ppsA(6)	trpE(26)
GCF_019379355.1_ASM1937935v1_genomic.fna	paeruginosa	463	acsA(6)	aroE(5)	guaA(5)	mutL(3)	nuoD(1)	ppsA(6)	trpE(3)
GCF_019434075.1_ASM1943407v1_genomic.fna	paeruginosa	179	acsA(36)	aroE(27)	guaA(28)	mutL(3)	nuoD(4)	ppsA(13)	trpE(7)
GCF_019434095.1_ASM1943409v1_genomic.fna	paeruginosa	882	acsA(17)	aroE(5)	guaA(11)	mutL(3)	nuoD(4)	ppsA(6)	trpE(37)
GCF_019434135.1_ASM1943413v1_genomic.fna	paeruginosa	1720	acsA(89)	aroE(30)	guaA(64)	mutL(69)	nuoD(48)	ppsA(24)	trpE(32)
GCF_019434155.1_ASM1943415v1_genomic.fna	paeruginosa	-	acsA(17)	aroE(5)	guaA(1)	mutL(3)	nuoD(4)	ppsA(4)	trpE(2)
GCF_019434175.1_ASM1943417v1_genomic.fna	paeruginosa	-	acsA(17)	aroE(5)	guaA(1)	mutL(3)	nuoD(4)	ppsA(4)	trpE(2)
GCF_019434235.1_ASM1943423v1_genomic.fna	paeruginosa	463	acsA(6)	aroE(5)	guaA(5)	mutL(3)	nuoD(1)	ppsA(6)	trpE(3)
GCF_019443665.1_ASM1944366v1_genomic.fna	paeruginosa	167	acsA(40)	aroE(5)	guaA(11)	mutL(5)	nuoD(4)	ppsA(38)	trpE(37)
GCF_019466095.1_ASM1946609v1_genomic.fna	paeruginosa	-	acsA(28)	aroE(5)	guaA(94)	mutL(3)	nuoD(1)	ppsA(4)	trpE(10)
GCF_019466145.1_ASM1946614v1_genomic.fna	paeruginosa	788	acsA(16)	aroE(5)	guaA(30)	mutL(72)	nuoD(4)	ppsA(13)	trpE(7)
GCF_019710495.1_ASM1971049v1_genomic.fna	paeruginosa	664	acsA(9)	aroE(5)	guaA(11)	mutL(3)	nuoD(4)	ppsA(40)	trpE(18)
GCF_019711215.1_ASM1971121v1_genomic.fna	paeruginosa	1976	acsA(17)	aroE(76)	guaA(11)	mutL(72)	nuoD(3)	ppsA(10)	trpE(3)
GCF_019720855.1_ASM1972085v1_genomic.fna	paeruginosa	697	acsA(17)	aroE(24)	guaA(37)	mutL(5)	nuoD(3)	ppsA(7)	trpE(25)
GCF_019720875.1_ASM1972087v1_genomic.fna	paeruginosa	235	acsA(38)	aroE(11)	guaA(3)	mutL(13)	nuoD(1)	ppsA(2)	trpE(4)
GCF_019738995.2_ASM1973899v2_genomic.fna	paeruginosa	664	acsA(9)	aroE(5)	guaA(11)	mutL(3)	nuoD(4)	ppsA(40)	trpE(18)
GCF_019857245.1_ASM1985724v1_genomic.fna	paeruginosa	244	acsA(17)	aroE(5)	guaA(12)	mutL(3)	nuoD(14)	ppsA(4)	trpE(7)
GCF_019857265.1_ASM1985726v1_genomic.fna	paeruginosa	463	acsA(6)	aroE(5)	guaA(5)	mutL(3)	nuoD(1)	ppsA(6)	trpE(3)
GCF_019857285.1_ASM1985728v1_genomic.fna	paeruginosa	463	acsA(6)	aroE(5)	guaA(5)	mutL(3)	nuoD(1)	ppsA(6)	trpE(3)
GCF_019857305.1_ASM1985730v1_genomic.fna	paeruginosa	463	acsA(6)	aroE(5)	guaA(5)	mutL(3)	nuoD(1)	ppsA(6)	trpE(3)
GCF_019857325.1_ASM1985732v1_genomic.fna	paeruginosa	3503	acsA(108)	aroE(5)	guaA(6)	mutL(59)	nuoD(4)	ppsA(4)	trpE(9)
GCF_019857345.1_ASM1985734v1_genomic.fna	paeruginosa	463	acsA(6)	aroE(5)	guaA(5)	mutL(3)	nuoD(1)	ppsA(6)	trpE(3)
GCF_019857365.1_ASM1985736v1_genomic.fna	paeruginosa	485	acsA(11)	aroE(76)	guaA(5)	mutL(3)	nuoD(61)	ppsA(14)	trpE(3)
GCF_019857405.1_ASM1985740v1_genomic.fna	paeruginosa	1212	acsA(11)	aroE(10)	guaA(11)	mutL(72)	nuoD(3)	ppsA(10)	trpE(3)
GCF_019857425.1_ASM1985742v1_genomic.fna	paeruginosa	3504	acsA(251)	aroE(5)	guaA(11)	mutL(7)	nuoD(1)	ppsA(12)	trpE(7)
GCF_019857445.1_ASM1985744v1_genomic.fna	paeruginosa	3761	acsA(34)	aroE(5)	guaA(12)	mutL(5)	nuoD(3)	ppsA(13)	trpE(14)
GCF_019857465.1_ASM1985746v1_genomic.fna	paeruginosa	1212	acsA(11)	aroE(10)	guaA(11)	mutL(72)	nuoD(3)	ppsA(10)	trpE(3)
GCF_019857485.1_ASM1985748v1_genomic.fna	paeruginosa	1212	acsA(11)	aroE(10)	guaA(11)	mutL(72)	nuoD(3)	ppsA(10)	trpE(3)
GCF_019857505.1_ASM1985750v1_genomic.fna	paeruginosa	463	acsA(6)	aroE(5)	guaA(5)	mutL(3)	nuoD(1)	ppsA(6)	trpE(3)
GCF_019857525.1_ASM1985752v1_genomic.fna	paeruginosa	244	acsA(17)	aroE(5)	guaA(12)	mutL(3)	nuoD(14)	ppsA(4)	trpE(7)
GCF_019857545.1_ASM1985754v1_genomic.fna	paeruginosa	463	acsA(6)	aroE(5)	guaA(5)	mutL(3)	nuoD(1)	ppsA(6)	trpE(3)
GCF_019857565.1_ASM1985756v1_genomic.fna	paeruginosa	463	acsA(6)	aroE(5)	guaA(5)	mutL(3)	nuoD(1)	ppsA(6)	trpE(3)
GCF_019857585.1_ASM1985758v1_genomic.fna	paeruginosa	463	acsA(6)	aroE(5)	guaA(5)	mutL(3)	nuoD(1)	ppsA(6)	trpE(3)
GCF_019857605.1_ASM1985760v1_genomic.fna	paeruginosa	463	acsA(6)	aroE(5)	guaA(5)	mutL(3)	nuoD(1)	ppsA(6)	trpE(3)
GCF_019857625.1_ASM1985762v1_genomic.fna	paeruginosa	234	acsA(1)	aroE(5)	guaA(11)	mutL(3)	nuoD(4)	ppsA(10)	trpE(3)
GCF_019857645.1_ASM1985764v1_genomic.fna	paeruginosa	244	acsA(17)	aroE(5)	guaA(12)	mutL(3)	nuoD(14)	ppsA(4)	trpE(7)
GCF_019915445.1_ASM1991544v1_genomic.fna	paeruginosa	244	acsA(17)	aroE(5)	guaA(12)	mutL(3)	nuoD(14)	ppsA(4)	trpE(7)
GCF_019915465.1_ASM1991546v1_genomic.fna	paeruginosa	308	acsA(13)	aroE(4)	guaA(5)	mutL(5)	nuoD(12)	ppsA(7)	trpE(15)
GCF_019915485.1_ASM1991548v1_genomic.fna	paeruginosa	308	acsA(13)	aroE(4)	guaA(5)	mutL(5)	nuoD(12)	ppsA(7)	trpE(15)
GCF_020771675.1_ASM2077167v1_genomic.fna	paeruginosa	244	acsA(17)	aroE(5)	guaA(12)	mutL(3)	nuoD(14)	ppsA(4)	trpE(7)
GCF_020771755.1_ASM2077175v1_genomic.fna	paeruginosa	3390	acsA(111)	aroE(30)	guaA(64)	mutL(26)	nuoD(134)	ppsA(59)	trpE(7)
GCF_020978345.1_ASM2097834v1_genomic.fna	paeruginosa	17	acsA(11)	aroE(5)	guaA(1)	mutL(7)	nuoD(9)	ppsA(4)	trpE(7)
GCF_020990445.1_ASM2099044v1_genomic.fna	paeruginosa	235	acsA(38)	aroE(11)	guaA(3)	mutL(13)	nuoD(1)	ppsA(2)	trpE(4)
GCF_020990465.1_ASM2099046v1_genomic.fna	paeruginosa	234	acsA(1)	aroE(5)	guaA(11)	mutL(3)	nuoD(4)	ppsA(10)	trpE(3)
GCF_020990485.1_ASM2099048v1_genomic.fna	paeruginosa	234	acsA(1)	aroE(5)	guaA(11)	mutL(3)	nuoD(4)	ppsA(10)	trpE(3)
GCF_021166255.2_ASM2116625v2_genomic.fna	paeruginosa	1403	acsA(16)	aroE(3)	guaA(26)	mutL(3)	nuoD(4)	ppsA(4)	trpE(117)
GCF_021166275.2_ASM2116627v2_genomic.fna	paeruginosa	809	acsA(36)	aroE(3)	guaA(6)	mutL(13)	nuoD(3)	ppsA(6)	trpE(26)
GCF_021166295.1_ASM2116629v2_genomic.fna	paeruginosa	254	acsA(6)	aroE(5)	guaA(58)	mutL(11)	nuoD(3)	ppsA(4)	trpE(37)
GCF_021166315.2_ASM2116631v2_genomic.fna	paeruginosa	3774	acsA(41)	aroE(5)	guaA(1)	mutL(269)	nuoD(11)	ppsA(4)	trpE(112)
GCF_021166335.2_ASM2116633v2_genomic.fna	paeruginosa	782	acsA(15)	aroE(3)	guaA(3)	mutL(11)	nuoD(1)	ppsA(15)	trpE(1)
GCF_021166355.2_ASM2116635v2_genomic.fna	paeruginosa	-	acsA(17)	aroE(5)	guaA(1)	mutL(3)	nuoD(4)	ppsA(4)	trpE(2)
GCF_021166375.2_ASM2116637v2_genomic.fna	paeruginosa	2438	acsA(36)	aroE(5)	guaA(11)	mutL(61)	nuoD(4)	ppsA(4)	trpE(45)
GCF_021184245.1_ASM2118424v1_genomic.fna	paeruginosa	244	acsA(17)	aroE(5)	guaA(12)	mutL(3)	nuoD(14)	ppsA(4)	trpE(7)
GCF_021184265.1_ASM2118426v1_genomic.fna	paeruginosa	1200	acsA(27)	aroE(149)	guaA(25)	mutL(6)	nuoD(16)	ppsA(1)	trpE(47)
GCF_021249245.1_ASM2124924v1_genomic.fna	paeruginosa	1239	acsA(16)	aroE(5)	guaA(1)	mutL(3)	nuoD(4)	ppsA(15)	trpE(7)
GCF_021266605.1_ASM2126660v1_genomic.fna	paeruginosa	671	acsA(5)	aroE(5)	guaA(57)	mutL(13)	nuoD(1)	ppsA(74)	trpE(3)
GCF_021378395.1_ASM2137839v1_genomic.fna	paeruginosa	654	acsA(17)	aroE(5)	guaA(26)	mutL(3)	nuoD(4)	ppsA(4)	trpE(26)
GCF_021398755.1_ASM2139875v1_genomic.fna	paeruginosa	9	acsA(6)	aroE(6)	guaA(4)	mutL(3)	nuoD(3)	ppsA(4)	trpE(7)
GCF_021460035.1_ASM2146003v1_genomic.fna	paeruginosa	549	acsA(7)	aroE(5)	guaA(12)	mutL(3)	nuoD(4)	ppsA(1)	trpE(7)
GCF_021497285.1_ASM2149728v1_genomic.fna	paeruginosa	3405	acsA(17)	aroE(5)	guaA(5)	mutL(4)	nuoD(137)	ppsA(4)	trpE(3)
GCF_021497305.1_ASM2149730v1_genomic.fna	paeruginosa	3405	acsA(17)	aroE(5)	guaA(5)	mutL(4)	nuoD(137)	ppsA(4)	trpE(3)
GCF_021497325.1_ASM2149732v1_genomic.fna	paeruginosa	856	acsA(11)	aroE(131)	guaA(6)	mutL(3)	nuoD(2)	ppsA(4)	trpE(19)
GCF_021497345.1_ASM2149734v1_genomic.fna	paeruginosa	244	acsA(17)	aroE(5)	guaA(12)	mutL(3)	nuoD(14)	ppsA(4)	trpE(7)
GCF_021497365.1_ASM2149736v1_genomic.fna	paeruginosa	244	acsA(17)	aroE(5)	guaA(12)	mutL(3)	nuoD(14)	ppsA(4)	trpE(7)
GCF_021497385.1_ASM2149738v1_genomic.fna	paeruginosa	235	acsA(38)	aroE(11)	guaA(3)	mutL(13)	nuoD(1)	ppsA(2)	trpE(4)
GCF_021497405.1_ASM2149740v1_genomic.fna	paeruginosa	1284	acsA(32)	aroE(8)	guaA(5)	mutL(3)	nuoD(5)	ppsA(6)	trpE(26)
GCF_021497425.1_ASM2149742v1_genomic.fna	paeruginosa	262	acsA(17)	aroE(5)	guaA(1)	mutL(3)	nuoD(4)	ppsA(15)	trpE(7)
GCF_021497445.1_ASM2149744v1_genomic.fna	paeruginosa	378	acsA(1)	aroE(14)	guaA(3)	mutL(11)	nuoD(1)	ppsA(15)	trpE(1)
GCF_021513295.1_ASM2151329v1_genomic.fna	paeruginosa	277	acsA(39)	aroE(5)	guaA(9)	mutL(11)	nuoD(27)	ppsA(5)	trpE(2)
GCF_021513375.1_ASM2151337v1_genomic.fna	paeruginosa	244	acsA(17)	aroE(5)	guaA(12)	mutL(3)	nuoD(14)	ppsA(4)	trpE(7)
GCF_021513395.1_ASM2151339v1_genomic.fna	paeruginosa	244	acsA(17)	aroE(5)	guaA(12)	mutL(3)	nuoD(14)	ppsA(4)	trpE(7)
GCF_021513415.1_ASM2151341v1_genomic.fna	paeruginosa	244	acsA(17)	aroE(5)	guaA(12)	mutL(3)	nuoD(14)	ppsA(4)	trpE(7)
GCF_021513435.1_ASM2151343v1_genomic.fna	paeruginosa	244	acsA(17)	aroE(5)	guaA(12)	mutL(3)	nuoD(14)	ppsA(4)	trpE(7)
GCF_021513455.1_ASM2151345v1_genomic.fna	paeruginosa	244	acsA(17)	aroE(5)	guaA(12)	mutL(3)	nuoD(14)	ppsA(4)	trpE(7)
GCF_021513475.1_ASM2151347v1_genomic.fna	paeruginosa	244	acsA(17)	aroE(5)	guaA(12)	mutL(3)	nuoD(14)	ppsA(4)	trpE(7)
GCF_021513495.1_ASM2151349v1_genomic.fna	paeruginosa	244	acsA(17)	aroE(5)	guaA(12)	mutL(3)	nuoD(14)	ppsA(4)	trpE(7)
GCF_021513515.1_ASM2151351v1_genomic.fna	paeruginosa	244	acsA(17)	aroE(5)	guaA(12)	mutL(3)	nuoD(14)	ppsA(4)	trpE(7)
GCF_021513535.1_ASM2151353v1_genomic.fna	paeruginosa	244	acsA(17)	aroE(5)	guaA(12)	mutL(3)	nuoD(14)	ppsA(4)	trpE(7)
GCF_021513555.1_ASM2151355v1_genomic.fna	paeruginosa	244	acsA(17)	aroE(5)	guaA(12)	mutL(3)	nuoD(14)	ppsA(4)	trpE(7)
GCF_021513575.1_ASM2151357v1_genomic.fna	paeruginosa	244	acsA(17)	aroE(5)	guaA(12)	mutL(3)	nuoD(14)	ppsA(4)	trpE(7)
GCF_021513595.1_ASM2151359v1_genomic.fna	paeruginosa	244	acsA(17)	aroE(5)	guaA(12)	mutL(3)	nuoD(14)	ppsA(4)	trpE(7)
GCF_021513615.1_ASM2151361v1_genomic.fna	paeruginosa	244	acsA(17)	aroE(5)	guaA(12)	mutL(3)	nuoD(14)	ppsA(4)	trpE(7)
GCF_021513635.1_ASM2151363v1_genomic.fna	paeruginosa	244	acsA(17)	aroE(5)	guaA(12)	mutL(3)	nuoD(14)	ppsA(4)	trpE(7)
GCF_021513675.1_ASM2151367v1_genomic.fna	paeruginosa	110	acsA(15)	aroE(5)	guaA(1)	mutL(3)	nuoD(2)	ppsA(12)	trpE(7)
GCF_022453765.1_ASM2245376v1_genomic.fna	paeruginosa	-	acsA(28)	aroE(5)	guaA(4)	mutL(11)	nuoD(3)	ppsA(15)	trpE(19)
GCF_022453825.1_ASM2245382v1_genomic.fna	paeruginosa	-	acsA(13)	aroE(4)	guaA(5)	mutL(33)	nuoD(1)	ppsA(6)	trpE(40)
GCF_022533445.1_ASM2253344v1_genomic.fna	paeruginosa	348	acsA(22)	aroE(20)	guaA(11)	mutL(3)	nuoD(3)	ppsA(3)	trpE(7)
GCF_022559545.1_ASM2255954v1_genomic.fna	paeruginosa	192	acsA(1)	aroE(5)	guaA(7)	mutL(5)	nuoD(4)	ppsA(4)	trpE(2)
GCF_022569855.1_ASM2256985v1_genomic.fna	paeruginosa	1394	acsA(11)	aroE(5)	guaA(6)	mutL(3)	nuoD(74)	ppsA(13)	trpE(7)
GCF_022569895.1_ASM2256989v1_genomic.fna	paeruginosa	1003	acsA(22)	aroE(5)	guaA(83)	mutL(2)	nuoD(4)	ppsA(13)	trpE(7)
GCF_022569915.1_ASM2256991v1_genomic.fna	paeruginosa	2329	acsA(134)	aroE(8)	guaA(57)	mutL(27)	nuoD(1)	ppsA(6)	trpE(3)
GCF_022569935.1_ASM2256993v1_genomic.fna	paeruginosa	260	acsA(14)	aroE(5)	guaA(10)	mutL(7)	nuoD(4)	ppsA(13)	trpE(7)
GCF_022569975.1_ASM2256997v1_genomic.fna	paeruginosa	27	acsA(6)	aroE(5)	guaA(6)	mutL(7)	nuoD(4)	ppsA(6)	trpE(7)
GCF_022569995.1_ASM2256999v1_genomic.fna	paeruginosa	1328	acsA(118)	aroE(104)	guaA(85)	mutL(86)	nuoD(42)	ppsA(54)	trpE(90)
GCF_022570115.1_ASM2257011v1_genomic.fna	paeruginosa	1567	acsA(32)	aroE(8)	guaA(3)	mutL(18)	nuoD(1)	ppsA(123)	trpE(118)
GCF_022570235.1_ASM2257023v1_genomic.fna	paeruginosa	274	acsA(23)	aroE(5)	guaA(11)	mutL(7)	nuoD(1)	ppsA(12)	trpE(7)
GCF_022570415.1_ASM2257041v1_genomic.fna	paeruginosa	446	acsA(18)	aroE(4)	guaA(5)	mutL(3)	nuoD(1)	ppsA(17)	trpE(13)
GCF_022570435.1_ASM2257043v1_genomic.fna	paeruginosa	395	acsA(6)	aroE(5)	guaA(1)	mutL(1)	nuoD(1)	ppsA(12)	trpE(1)
GCF_022570455.1_ASM2257045v1_genomic.fna	paeruginosa	235	acsA(38)	aroE(11)	guaA(3)	mutL(13)	nuoD(1)	ppsA(2)	trpE(4)
GCF_022570475.1_ASM2257047v1_genomic.fna	paeruginosa	253	acsA(4)	aroE(4)	guaA(16)	mutL(12)	nuoD(1)	ppsA(6)	trpE(3)
GCF_022637915.1_ASM2263791v1_genomic.fna	paeruginosa	463	acsA(6)	aroE(5)	guaA(5)	mutL(3)	nuoD(1)	ppsA(6)	trpE(3)
GCF_022638055.1_ASM2263805v1_genomic.fna	paeruginosa	-	acsA(6)	aroE(5)	guaA(6)	mutL(7)	nuoD(~4)	ppsA(6)	trpE(7)
GCF_022638175.1_ASM2263817v1_genomic.fna	paeruginosa	-	acsA(6)	aroE(5)	guaA(6)	mutL(7)	nuoD(4)	ppsA(25)	trpE(7)
GCF_022649105.1_ASM2264910v1_genomic.fna	paeruginosa	17	acsA(11)	aroE(5)	guaA(1)	mutL(7)	nuoD(9)	ppsA(4)	trpE(7)
GCF_022649245.1_ASM2264924v1_genomic.fna	paeruginosa	27	acsA(6)	aroE(5)	guaA(6)	mutL(7)	nuoD(4)	ppsA(6)	trpE(7)
GCF_022670795.1_ASM2267079v1_genomic.fna	paeruginosa	3754	acsA(28)	aroE(185)	guaA(11)	mutL(7)	nuoD(1)	ppsA(15)	trpE(1)
GCF_022699485.1_ASM2269948v1_genomic.fna	paeruginosa	969	acsA(6)	aroE(5)	guaA(11)	mutL(11)	nuoD(3)	ppsA(10)	trpE(19)
GCF_022699505.1_ASM2269950v1_genomic.fna	paeruginosa	3902	acsA(15)	aroE(76)	guaA(5)	mutL(61)	nuoD(2)	ppsA(12)	trpE(3)
GCF_022699525.1_ASM2269952v1_genomic.fna	paeruginosa	871	acsA(16)	aroE(3)	guaA(1)	mutL(5)	nuoD(1)	ppsA(55)	trpE(61)
GCF_022700635.1_ASM2270063v1_genomic.fna	paeruginosa	639	acsA(11)	aroE(19)	guaA(19)	mutL(3)	nuoD(4)	ppsA(4)	trpE(7)
GCF_900069025.1_ASM90006902v1_genomic.fna	paeruginosa	387	acsA(28)	aroE(5)	guaA(11)	mutL(11)	nuoD(4)	ppsA(12)	trpE(3)
GCF_900070375.1_PAO1OR_genomic.fna	paeruginosa	549	acsA(7)	aroE(5)	guaA(12)	mutL(3)	nuoD(4)	ppsA(1)	trpE(7)
GCF_900095805.1_PA14Or_genomic.fna	paeruginosa	253	acsA(4)	aroE(4)	guaA(16)	mutL(12)	nuoD(1)	ppsA(6)	trpE(3)
GCF_900149285.1_PcyII-10_genomic.fna	paeruginosa	1233	acsA(17)	aroE(5)	guaA(11)	mutL(3)	nuoD(4)	ppsA(6)	trpE(7)
GCF_900185255.1_NN2_genomic.fna	paeruginosa	17	acsA(11)	aroE(5)	guaA(1)	mutL(7)	nuoD(9)	ppsA(4)	trpE(7)
GCF_900243355.1_RW109_genomic.fna	paeruginosa	111	acsA(17)	aroE(5)	guaA(5)	mutL(4)	nuoD(4)	ppsA(4)	trpE(3)
GCF_900497025.1_ASM90049702v1_genomic.fna	paeruginosa	111	acsA(17)	aroE(5)	guaA(5)	mutL(4)	nuoD(4)	ppsA(4)	trpE(3)
GCF_900618245.1_paerg000_genomic.fna	paeruginosa	27	acsA(6)	aroE(5)	guaA(6)	mutL(7)	nuoD(4)	ppsA(6)	trpE(7)
GCF_900618255.1_paerg002_genomic.fna	paeruginosa	262	acsA(17)	aroE(5)	guaA(1)	mutL(3)	nuoD(4)	ppsA(15)	trpE(7)
GCF_900618265.1_paerg004_genomic.fna	paeruginosa	262	acsA(17)	aroE(5)	guaA(1)	mutL(3)	nuoD(4)	ppsA(15)	trpE(7)
GCF_900618275.1_paerg003_genomic.fna	paeruginosa	262	acsA(17)	aroE(5)	guaA(1)	mutL(3)	nuoD(4)	ppsA(15)	trpE(7)
GCF_900618285.1_paerg005_genomic.fna	paeruginosa	309	acsA(13)	aroE(8)	guaA(9)	mutL(3)	nuoD(1)	ppsA(17)	trpE(15)
GCF_900618305.1_paerg009_genomic.fna	paeruginosa	309	acsA(13)	aroE(8)	guaA(9)	mutL(3)	nuoD(1)	ppsA(17)	trpE(15)
GCF_900618315.1_paerg010_genomic.fna	paeruginosa	262	acsA(17)	aroE(5)	guaA(1)	mutL(3)	nuoD(4)	ppsA(15)	trpE(7)
GCF_900618325.1_paerg011_genomic.fna	paeruginosa	262	acsA(17)	aroE(5)	guaA(1)	mutL(3)	nuoD(4)	ppsA(15)	trpE(7)
GCF_900618335.1_paerg012_genomic.fna	paeruginosa	262	acsA(17)	aroE(5)	guaA(1)	mutL(3)	nuoD(4)	ppsA(15)	trpE(7)
GCF_900636735.1_43941_C01_genomic.fna	paeruginosa	-	acsA(11)	aroE(5)	guaA(12)	mutL(~11)	nuoD(4)	ppsA(4)	trpE(20)
GCF_900636755.1_43941_E01_genomic.fna	paeruginosa	155	acsA(28)	aroE(5)	guaA(36)	mutL(3)	nuoD(3)	ppsA(13)	trpE(7)
GCF_900636975.1_45813_F01_genomic.fna	paeruginosa	773	acsA(5)	aroE(4)	guaA(5)	mutL(5)	nuoD(5)	ppsA(7)	trpE(8)
GCF_900637045.1_46837_C02_genomic.fna	paeruginosa	1750	acsA(6)	aroE(5)	guaA(5)	mutL(5)	nuoD(52)	ppsA(4)	trpE(7)
GCF_902172305.2_Pseudomonas_aeruginosa_PAKAF_genomic.fna	paeruginosa	693	acsA(11)	aroE(5)	guaA(11)	mutL(11)	nuoD(4)	ppsA(4)	trpE(14)
GCF_902703185.1_PcyII-29_genomic.fna	paeruginosa	175	acsA(28)	aroE(22)	guaA(5)	mutL(3)	nuoD(3)	ppsA(14)	trpE(19)
GCF_902703195.1_PcyII-40_genomic.fna	paeruginosa	309	acsA(13)	aroE(8)	guaA(9)	mutL(3)	nuoD(1)	ppsA(17)	trpE(15)
GCF_902703215.1_C7-25_genomic.fna	paeruginosa	1710	acsA(11)	aroE(5)	guaA(36)	mutL(30)	nuoD(3)	ppsA(4)	trpE(171)
GCF_904866275.1_MINF_7A_genomic.fna	paeruginosa	471	acsA(17)	aroE(5)	guaA(11)	mutL(5)	nuoD(4)	ppsA(4)	trpE(2)
GCF_905071885.1_MINF_3A_genomic.fna	paeruginosa	357	acsA(2)	aroE(4)	guaA(5)	mutL(3)	nuoD(1)	ppsA(6)	trpE(11)
